{
  "Version": "2012-10-17",
  "Statement": [
    {
      "Sid": "VPCManagement",
      "Effect": "Allow",
      "Action": [
        "ec2:CreateVpc",
        "ec2:DeleteVpc",
        "ec2:DescribeVpcs",
        "ec2:ModifyVpcAttribute",
        "ec2:CreateTags",
        "ec2:DeleteTags",
        "ec2:DescribeTags"
      ],
      "Resource": "*",
      "Condition": {
        "StringEquals": {
          "aws:RequestedRegion": "us-east-1"
        }
      }
    },
    {
      "Sid": "SubnetManagement",
      "Effect": "Allow",
      "Action": [
        "ec2:CreateSubnet",
        "ec2:DeleteSubnet",
        "ec2:DescribeSubnets",
        "ec2:ModifySubnetAttribute"
      ],
      "Resource": "*",
      "Condition": {
        "StringEquals": {
          "aws:RequestedRegion": "us-east-1"
        }
      }
    },
    {
      "Sid": "InternetGatewayManagement",
      "Effect": "Allow",
      "Action": [
        "ec2:CreateInternetGateway",
        "ec2:DeleteInternetGateway",
        "ec2:DescribeInternetGateways",
        "ec2:AttachInternetGateway",
        "ec2:DetachInternetGateway"
      ],
      "Resource": "*",
      "Condition": {
        "StringEquals": {
          "aws:RequestedRegion": "us-east-1"
        }
      }
    },
    {
      "Sid": "NATGatewayManagement",
      "Effect": "Allow",
      "Action": [
        "ec2:CreateNatGateway",
        "ec2:DeleteNatGateway",
        "ec2:DescribeNatGateways",
        "ec2:AllocateAddress",
        "ec2:ReleaseAddress",
        "ec2:DescribeAddresses"
      ],
      "Resource": "*",
      "Condition": {
        "StringEquals": {
          "aws:RequestedRegion": "us-east-1"
        }
      }
    },
    {
      "Sid": "RouteTableManagement",
      "Effect": "Allow",
      "Action": [
        "ec2:CreateRouteTable",
        "ec2:DeleteRouteTable",
        "ec2:DescribeRouteTables",
        "ec2:CreateRoute",
        "ec2:DeleteRoute",
        "ec2:AssociateRouteTable",
        "ec2:DisassociateRouteTable"
      ],
      "Resource": "*",
      "Condition": {
        "StringEquals": {
          "aws:RequestedRegion": "us-east-1"
        }
      }
    },
    {
      "Sid": "VPCFlowLogsManagement",
      "Effect": "Allow",
      "Action": [
        "ec2:CreateFlowLogs",
        "ec2:DeleteFlowLogs",
        "ec2:DescribeFlowLogs",
        "logs:CreateLogGroup",
        "logs:DescribeLogGroups",
        "logs:PutRetentionPolicy"
      ],
      "Resource": "*",
      "Condition": {
        "StringEquals": {
          "aws:RequestedRegion": "us-east-1"
        }
      }
    },
    {
      "Sid": "AvailabilityZoneInfo",
      "Effect": "Allow",
      "Action": [
        "ec2:DescribeAvailabilityZones",
        "ec2:DescribeRegions"
      ],
      "Resource": "*"
    }
  ]
}