{
  "Version": "2012-10-17",
  "Statement": [
    {
      "Sid": "RDSClusterManagement",
      "Effect": "Allow",
      "Action": [
        "rds:CreateDBCluster",
        "rds:DeleteDBCluster",
        "rds:DescribeDBClusters",
        "rds:ModifyDBCluster",
        "rds:StartDBCluster",
        "rds:StopDBCluster",
        "rds:CreateDBInstance",
        "rds:DeleteDBInstance",
        "rds:DescribeDBInstances",
        "rds:ModifyDBInstance",
        "rds:RebootDBInstance"
      ],
      "Resource": "*",
      "Condition": {
        "StringEquals": {
          "aws:RequestedRegion": "us-east-1"
        }
      }
    },
    {
      "Sid": "RDSSubnetGroupManagement",
      "Effect": "Allow",
      "Action": [
        "rds:CreateDBSubnetGroup",
        "rds:DeleteDBSubnetGroup",
        "rds:DescribeDBSubnetGroups",
        "rds:ModifyDBSubnetGroup"
      ],
      "Resource": "*",
      "Condition": {
        "StringEquals": {
          "aws:RequestedRegion": "us-east-1"
        }
      }
    },
    {
      "Sid": "RDSParameterGroupManagement",
      "Effect": "Allow",
      "Action": [
        "rds:CreateDBParameterGroup",
        "rds:DeleteDBParameterGroup",
        "rds:DescribeDBParameterGroups",
        "rds:ModifyDBParameterGroup",
        "rds:CreateDBClusterParameterGroup",
        "rds:DeleteDBClusterParameterGroup",
        "rds:DescribeDBClusterParameterGroups",
        "rds:ModifyDBClusterParameterGroup"
      ],
      "Resource": "*",
      "Condition": {
        "StringEquals": {
          "aws:RequestedRegion": "us-east-1"
        }
      }
    },
    {
      "Sid": "RDSSnapshotManagement",
      "Effect": "Allow",
      "Action": [
        "rds:CreateDBSnapshot",
        "rds:DeleteDBSnapshot",
        "rds:DescribeDBSnapshots",
        "rds:CreateDBClusterSnapshot",
        "rds:DeleteDBClusterSnapshot",
        "rds:DescribeDBClusterSnapshots"
      ],
      "Resource": "*",
      "Condition": {
        "StringEquals": {
          "aws:RequestedRegion": "us-east-1"
        }
      }
    },
    {
      "Sid": "RDSTagging",
      "Effect": "Allow",
      "Action": [
        "rds:AddTagsToResource",
        "rds:RemoveTagsFromResource",
        "rds:ListTagsForResource"
      ],
      "Resource": "*",
      "Condition": {
        "StringEquals": {
          "aws:RequestedRegion": "us-east-1"
        }
      }
    },
    {
      "Sid": "RDSEngineVersions",
      "Effect": "Allow",
      "Action": [
        "rds:DescribeDBEngineVersions",
        "rds:DescribeOrderableDBInstanceOptions"
      ],
      "Resource": "*"
    },
    {
      "Sid": "VPCReadAccess",
      "Effect": "Allow",
      "Action": [
        "ec2:DescribeVpcs",
        "ec2:DescribeSubnets",
        "ec2:DescribeSecurityGroups"
      ],
      "Resource": "*"
    },
    {
      "Sid": "KMSReadAccess",
      "Effect": "Allow",
      "Action": [
        "kms:DescribeKey",
        "kms:ListAliases"
      ],
      "Resource": "*"
    },
    {
      "Sid": "CloudWatchLogsAccess",
      "Effect": "Allow",
      "Action": [
        "logs:CreateLogGroup",
        "logs:DescribeLogGroups",
        "logs:PutRetentionPolicy"
      ],
      "Resource": "*",
      "Condition": {
        "StringEquals": {
          "aws:RequestedRegion": "us-east-1"
        }
      }
    }
  ]
}