{
  "Version": "2012-10-17",
  "Statement": [
    {
      "Sid": "ELBManagement",
      "Effect": "Allow",
      "Action": [
        "elasticloadbalancing:CreateLoadBalancer",
        "elasticloadbalancing:DeleteLoadBalancer",
        "elasticloadbalancing:DescribeLoadBalancers",
        "elasticloadbalancing:ModifyLoadBalancerAttributes",
        "elasticloadbalancing:CreateTargetGroup",
        "elasticloadbalancing:DeleteTargetGroup",
        "elasticloadbalancing:DescribeTargetGroups",
        "elasticloadbalancing:ModifyTargetGroup",
        "elasticloadbalancing:CreateListener",
        "elasticloadbalancing:DeleteListener",
        "elasticloadbalancing:DescribeListeners",
        "elasticloadbalancing:ModifyListener",
        "elasticloadbalancing:CreateRule",
        "elasticloadbalancing:DeleteRule",
        "elasticloadbalancing:DescribeRules",
        "elasticloadbalancing:ModifyRule",
        "elasticloadbalancing:AddTags",
        "elasticloadbalancing:RemoveTags",
        "elasticloadbalancing:DescribeTags"
      ],
      "Resource": "*",
      "Condition": {
        "StringEquals": {
          "aws:RequestedRegion": "us-east-1"
        }
      }
    },
    {
      "Sid": "ECSClusterManagement",
      "Effect": "Allow",
      "Action": [
        "ecs:CreateCluster",
        "ecs:DeleteCluster",
        "ecs:DescribeClusters",
        "ecs:UpdateCluster",
        "ecs:PutClusterCapacityProviders",
        "ecs:TagResource",
        "ecs:UntagResource",
        "ecs:ListTagsForResource"
      ],
      "Resource": "*",
      "Condition": {
        "StringEquals": {
          "aws:RequestedRegion": "us-east-1"
        }
      }
    },
    {
      "Sid": "ECSServiceManagement",
      "Effect": "Allow",
      "Action": [
        "ecs:CreateService",
        "ecs:DeleteService",
        "ecs:DescribeServices",
        "ecs:UpdateService",
        "ecs:RegisterTaskDefinition",
        "ecs:DeregisterTaskDefinition",
        "ecs:DescribeTaskDefinition",
        "ecs:ListTaskDefinitions"
      ],
      "Resource": "*",
      "Condition": {
        "StringEquals": {
          "aws:RequestedRegion": "us-east-1"
        }
      }
    },
    {
      "Sid": "ECRManagement",
      "Effect": "Allow",
      "Action": [
        "ecr:CreateRepository",
        "ecr:DeleteRepository",
        "ecr:DescribeRepositories",
        "ecr:PutImageScanningConfiguration",
        "ecr:PutImageTagMutability",
        "ecr:PutLifecyclePolicy",
        "ecr:GetLifecyclePolicy",
        "ecr:TagResource",
        "ecr:UntagResource",
        "ecr:ListTagsForResource"
      ],
      "Resource": "*",
      "Condition": {
        "StringEquals": {
          "aws:RequestedRegion": "us-east-1"
        }
      }
    },
    {
      "Sid": "CloudMapManagement",
      "Effect": "Allow",
      "Action": [
        "servicediscovery:CreatePrivateDnsNamespace",
        "servicediscovery:DeleteNamespace",
        "servicediscovery:GetNamespace",
        "servicediscovery:ListNamespaces",
        "servicediscovery:CreateService",
        "servicediscovery:DeleteService",
        "servicediscovery:GetService",
        "servicediscovery:ListServices",
        "servicediscovery:TagResource",
        "servicediscovery:UntagResource",
        "servicediscovery:ListTagsForResource"
      ],
      "Resource": "*",
      "Condition": {
        "StringEquals": {
          "aws:RequestedRegion": "us-east-1"
        }
      }
    },
    {
      "Sid": "CloudWatchLogsManagement",
      "Effect": "Allow",
      "Action": [
        "logs:CreateLogGroup",
        "logs:DeleteLogGroup",
        "logs:DescribeLogGroups",
        "logs:PutRetentionPolicy",
        "logs:TagLogGroup",
        "logs:UntagLogGroup"
      ],
      "Resource": "*",
      "Condition": {
        "StringEquals": {
          "aws:RequestedRegion": "us-east-1"
        }
      }
    },
    {
      "Sid": "ApplicationAutoScalingManagement",
      "Effect": "Allow",
      "Action": [
        "application-autoscaling:RegisterScalableTarget",
        "application-autoscaling:DeregisterScalableTarget",
        "application-autoscaling:DescribeScalableTargets",
        "application-autoscaling:PutScalingPolicy",
        "application-autoscaling:DeleteScalingPolicy",
        "application-autoscaling:DescribeScalingPolicies"
      ],
      "Resource": "*",
      "Condition": {
        "StringEquals": {
          "aws:RequestedRegion": "us-east-1"
        }
      }
    },
    {
      "Sid": "VPCReadAccess",
      "Effect": "Allow",
      "Action": [
        "ec2:DescribeVpcs",
        "ec2:DescribeSubnets",
        "ec2:DescribeSecurityGroups"
      ],
      "Resource": "*"
    },
    {
      "Sid": "IAMReadAccess",
      "Effect": "Allow",
      "Action": [
        "iam:GetRole",
        "iam:ListRoles",
        "iam:PassRole"
      ],
      "Resource": [
        "arn:aws:iam::*:role/pragma-tutorias-*",
        "arn:aws:iam::*:role/service-role/pragma-tutorias-*"
      ]
    },
    {
      "Sid": "SecretsManagerReadAccess",
      "Effect": "Allow",
      "Action": [
        "secretsmanager:DescribeSecret",
        "secretsmanager:GetSecretValue"
      ],
      "Resource": "*",
      "Condition": {
        "StringEquals": {
          "aws:RequestedRegion": "us-east-1"
        }
      }
    },
    {
      "Sid": "RDSReadAccess",
      "Effect": "Allow",
      "Action": [
        "rds:DescribeDBClusters",
        "rds:DescribeDBInstances"
      ],
      "Resource": "*"
    }
  ]
}