{
  "Version": "2012-10-17",
  "Statement": [
    {
      "Sid": "S3StateBackendAccess",
      "Effect": "Allow",
      "Action": [
        "s3:GetObject",
        "s3:PutObject",
        "s3:DeleteObject",
        "s3:ListBucket",
        "s3:GetBucketVersioning",
        "s3:GetBucketLocation"
      ],
      "Resource": [
        "arn:aws:s3:::terraform-state-*",
        "arn:aws:s3:::terraform-state-*/*"
      ]
    },
    {
      "Sid": "DynamoDBStateLockAccess",
      "Effect": "Allow",
      "Action": [
        "dynamodb:GetItem",
        "dynamodb:PutItem",
        "dynamodb:DeleteItem",
        "dynamodb:DescribeTable"
      ],
      "Resource": "arn:aws:dynamodb:us-east-1:*:table/terraform-state-lock-*"
    },
    {
      "Sid": "TerraformStateManagement",
      "Effect": "Allow",
      "Action": [
        "s3:CreateBucket",
        "s3:DeleteBucket",
        "s3:PutBucketVersioning",
        "s3:PutBucketEncryption",
        "s3:PutBucketPublicAccessBlock",
        "s3:PutBucketTagging",
        "s3:GetBucketTagging"
      ],
      "Resource": "arn:aws:s3:::terraform-state-*",
      "Condition": {
        "StringEquals": {
          "aws:RequestedRegion": "us-east-1"
        }
      }
    },
    {
      "Sid": "DynamoDBTableManagement",
      "Effect": "Allow",
      "Action": [
        "dynamodb:CreateTable",
        "dynamodb:DeleteTable",
        "dynamodb:DescribeTable",
        "dynamodb:TagResource",
        "dynamodb:UntagResource",
        "dynamodb:ListTagsOfResource"
      ],
      "Resource": "arn:aws:dynamodb:us-east-1:*:table/terraform-state-lock-*",
      "Condition": {
        "StringEquals": {
          "aws:RequestedRegion": "us-east-1"
        }
      }
    },
    {
      "Sid": "KMSForStateEncryption",
      "Effect": "Allow",
      "Action": [
        "kms:Decrypt",
        "kms:Encrypt",
        "kms:GenerateDataKey",
        "kms:DescribeKey"
      ],
      "Resource": "*",
      "Condition": {
        "StringEquals": {
          "kms:ViaService": "s3.us-east-1.amazonaws.com"
        }
      }
    },
    {
      "Sid": "CallerIdentityAccess",
      "Effect": "Allow",
      "Action": [
        "sts:GetCallerIdentity"
      ],
      "Resource": "*"
    }
  ]
}